Classifier,Best Score,Best Parameters,Accuracy,Precision,Recall,F1 Score
RandomForest,0.8083179417432982,"{'clf__n_estimators': 500, 'clf__min_samples_leaf': 5, 'clf__max_depth': None}",0.8166321491158196,0.817530962150057,0.8166321491158196,0.8158370738938809
LogisticRegression,0.8008059829442526,"{'clf__solver': 'liblinear', 'clf__penalty': 'l1', 'clf__C': 1}",0.8053210132228772,0.8156344578630343,0.8053210132228772,0.809008591239678
SVC,0.8096830591764661,"{'clf__kernel': 'rbf', 'clf__gamma': 0.01, 'clf__C': 10}",0.8118527959216186,0.8201658510312871,0.8118527959216186,0.8148472559984
DT,0.6964630592510919,{'clf__max_depth': 10},0.6977855663533535,0.7060660284676928,0.6977855663533535,0.7005190821199926
