Classifier,Best Score,Best Parameters,Accuracy,Precision,Recall,F1 Score
NaiveBayes,0.7848263408873392,{'clf__alpha': 0.5},0.786362912219213,0.8004851792477231,0.786362912219213,0.7907747177834692
RandomForest,0.815897996667954,"{'clf__max_depth': None, 'clf__min_samples_leaf': 5, 'clf__n_estimators': 700}",0.8188625139397802,0.8197310098865862,0.8188625139397802,0.8181265249974633
LogisticRegression,0.8018303399022774,"{'clf__C': 1, 'clf__penalty': 'l1', 'clf__solver': 'liblinear'}",0.8070734427274175,0.8172049899790359,0.8070734427274175,0.8106430413042396
SVC,0.8254576665976376,"{'clf__C': 1, 'clf__gamma': 1, 'clf__kernel': 'rbf'}",0.8285805321013223,0.8265731440753454,0.8285805321013223,0.8260485729840259
DT,0.6937310753404341,{'clf__max_depth': 20},0.6957145133025331,0.7077807160803377,0.6957145133025331,0.7008004499337841
